环节,发言者,英文原文,中文翻译
开篇立论,Gemini,Opening Statement: The Case for Strategic Specialization. Honorable judges and fellow debaters, RiQian Motor stands at a critical crossroads.,开篇陈词：聚焦战略的价值。尊敬的评委、各位辩友，日牵电机正处在关键的十字路口。
开篇立论,Gemini,We firmly support the motion that the company must specialize in traditional electric wheel motors to ensure long-term stability and financial security.,我们坚定支持公司必须专注于传统电动轮电机，以确保长期稳定和财务安全。
开篇立论,Gemini,Our position rests on three pillars: First, Specialization is our Proven Engine of Growth.,我们的立场基于三大支柱：第一，专注是我们已验证的增长引擎。
开篇立论,Gemini,Since its establishment in 2003, RiQian has transformed from a repair shop into a market leader by mastering the complex technical requirements of mining machinery.,自2003年成立以来，日牵通过掌握矿用机械复杂的技术要求，从一家维修车间转变为市场领导者。
开篇立论,Gemini,After a period of decline, our specialization strategy—focusing on independent R&D and ancillary motors for giants like XCMG—successfully turned sales growth from -21% in 2015 to a staggering 46% in 2016.,经过一段下滑期后，我们的专注战略——聚焦于自主研发和为徐工等巨头配套辅助电机——成功将销售增长率从2015年的-21%拉升至2016年的46%。
开篇立论,Gemini,By 2018, revenue reached a record ¥255.16 million.,到2018年，收入达到创纪录的2.5516亿元。
开篇立论,Gemini,Second, the Diversification Trap Threatens Financial Stability.,第二，多元化陷阱威胁财务稳定。
开篇立论,Gemini,While industry trends favor green energy, the reality for RiQian is a sustained state of loss in the new energy sector as of 2018.,尽管行业趋势偏向绿色能源，但日牵的现实是：截至2018年，新能源业务持续处于亏损状态。
开篇立论,Gemini,Diversifying further would bleed resources from our profitable core to subsidize high trial-and-error costs, weakening our dominant market position.,进一步多元化将消耗我们盈利核心的资源，去补贴高昂的试错成本，从而削弱我们的主导市场地位。
开篇立论,Gemini,Third, Significant Untapped Potential remains.,第三，仍有巨大的未开发潜力。
开篇立论,Gemini,Domestic demand for traditional motors remains large, and our "golden business card" reputation provides a unique advantage for further international expansion.,传统电机的国内需求依然很大，我们的“金字名片”声誉为进一步国际扩张提供了独特优势。
开篇立论,Gemini,To abandon our core expertise for a loss-making venture is not visionary; it is fiscally irresponsible.,放弃我们的核心专长去从事一项亏损的业务，不是有远见，而是财务上的不负责任。
开篇立论,Gemini,We must double down on what we do best: being the undisputed experts in electric wheel motors.,我们必须加倍投入我们最擅长的事情：成为电动轮电机领域无可争议的专家。
开篇立论,豆包,Opening Statement (Negative Side). Honorable judges, esteemed opponents, we firmly argue RiQian Motor must diversify into new energy motors, not confine itself to traditional electric wheel motors.,开篇陈词（反方）。尊敬的评委、对方辩友，我们坚定地认为日牵电机必须多元化进入新能源电机，而不是局限于传统电动轮电机。
开篇立论,豆包,First, sticking to specialization carries fatal risks: traditional wheel motors face unsprung‑mass flaws and saturated markets, trapping RiQian in narrow profit margins with limited growth space.,第一，固守专注有致命风险：传统轮边电机存在非簧载质量缺陷和市场饱和，将日牵困在利润微薄、增长空间有限的境地。
开篇立论,豆包,Meanwhile, global auto industry trends shift fully to new‑energy power systems, backed by national green‑energy policies and dual‑credit rules pushing automakers to phase out outdated motor tech.,同时，全球汽车行业趋势完全转向新能源动力系统，国家绿色能源政策和双积分政策也在推动车企淘汰过时的电机技术。
开篇立论,豆包,More critically, RiQian holds a rare first‑mover edge via its partnership with Dongfeng, a giant accelerating new‑energy vehicle expansion.,更关键的是，日牵通过与东风（一家正在加速新能源车辆扩张的巨头）的合作，拥有罕见的先发优势。
开篇立论,豆包,Diversifying lets RiQian supply broader motor products to Dongfeng’s full‑scale NEV layout, securing long‑term stable orders.,多元化使日牵能够为东风的全方位新能源布局提供更广泛的电机产品，从而获得长期稳定的订单。
开篇立论,豆包,Long‑term growth demands technological expansion, not stagnation. Specialization limits innovation and market access, while diversification aligns with policy, industry demand and core client needs.,长期增长需要技术扩展，而不是停滞。专注限制创新和市场准入，而多元化则与政策、行业需求和核心客户需求相一致。
开篇立论,豆包,Thus, RiQian must diversify into new energy motors.,因此，日牵必须多元化进入新能源电机。
交叉质询-豆包提问,豆包,Given national green energy policies and the accelerating shift of major clients like Dongfeng toward new‑energy vehicles, how can RiQian sustain long‑term client loyalty and market share by only specializing in traditional electric wheel motors?,鉴于国家绿色能源政策以及东风等主要客户加速向新能源车转型，日牵仅靠专注传统电动轮电机如何维持长期的客户忠诚度和市场份额？
交叉质询-豆包提问,豆包,With the new‑energy motor sector currently in its growth stage and offering first‑mover advantages, why does your side view short‑term 2018 losses in new energy as a permanent barrier rather than a temporary investment for future profit expansion?,新能源电机行业目前处于成长期并具有先发优势，为什么你们一方将2018年短期的亏损视为永久性障碍，而不是为未来利润扩张所做的暂时投资？
交叉质询-豆包提问,豆包,As traditional motor domestic demand will gradually shrink amid global low‑carbon industry trends, how will RiQian’s specialization strategy maintain its revenue growth beyond relying solely on limited international expansion of conventional motors?,在全球低碳产业趋势下，传统电机国内需求将逐渐萎缩，日牵的专注战略除了依赖有限的传统电机国际扩张外，如何维持收入增长？
交叉质询-Gemini回答,Gemini,Sustaining Loyalty through Performance and Cost‑Effectiveness.,通过性能和性价比维持忠诚度。
交叉质询-Gemini回答,Gemini,Client loyalty in the mining industry is built on reliability, cost-effectiveness, and timely service—areas where RiQian is the undisputed expert.,矿用行业的客户忠诚度建立在可靠性、性价比和及时服务之上——这些正是日牵无可争议的专长领域。
交叉质询-Gemini回答,Gemini,While clients like Dongfeng explore new energy, their operational backbone remains heavy-duty machinery with "high technical requirements" and "complex processes" that RiQian has mastered.,虽然像东风这样的客户在探索新能源，但他们的运营核心仍然是日牵已经掌握的具有“高技术要求”和“复杂工艺”的重型机械。
交叉质询-Gemini回答,Gemini,By specializing, we provide domestic machinery manufacturers with a high-performance alternative to expensive imports, saving them significant costs.,通过专注，我们为国内机械制造商提供了高性价比的替代方案，取代昂贵的进口产品，为他们节省大量成本。
交叉质询-Gemini回答,Gemini,Specialization allows us to offer "color customization" and deep technical integration (e.g., "XCMG Blue"), creating a level of ancillary service that new entrants cannot match.,专注使我们能够提供“颜色定制”和深度技术整合（例如“徐工蓝”），创造了新进入者无法比拟的配套服务水平。
交叉质询-Gemini回答,Gemini,Maintaining the "golden business card" of our traditional core ensures we remain the primary, trusted partner for our clients' current and most critical revenue-generating operations.,保持传统核心业务的“金字名片”，确保我们仍然是客户当前最关键创收业务的首要且值得信赖的合作伙伴。
交叉质询-Gemini回答,Gemini,We view the 2018 losses not as a "permanent barrier," but as a warning of "high trial and error costs" that threaten the company’s very existence.,我们将2018年的亏损视为“高试错成本”的警告，而不是“永久性障碍”——这种成本威胁着公司的生存。
交叉质询-Gemini回答,Gemini,Unlike the traditional sector, where RiQian’s expertise led to rapid market dominance, the new energy motor business was still loss-making six years after the industry shift began.,与传统领域中日牵的专业知识带来了快速市场主导不同，新能源电机业务在行业转型开始六年后仍然处于亏损状态。
交叉质询-Gemini回答,Gemini,Diversification "weakens the market position" of our profitable core by diverting essential R&D resources.,多元化通过分流关键的研发资源，“削弱了我们盈利核心的市场地位”。
交叉质询-Gemini回答,Gemini,In a specialized market where "small- and medium-sized enterprises" like ours must move quickly to survive, we cannot afford to subsidize a secondary business that "struggles to profit".,在一个像我们这样的“中小型企业”必须快速行动才能生存的细分市场中，我们无力补贴一个“难以盈利”的次要业务。
交叉质询-Gemini回答,Gemini,Specialization ensures "financial security" and "stable development," providing the capital necessary to pivot only when the technology is mature and profitable.,专注确保了“财务安全”和“稳定发展”，只有在技术成熟且有利可图时，才能提供转向所需的资本。
交叉质询-Gemini回答,Gemini,The decline of domestic infrastructure "fever" does not signal the end of growth, but a transition to a "marketing drive plus R&D follow-up" strategy.,国内基建“热”的降温并不代表增长的终结，而是向“营销驱动+研发跟进”战略的过渡。
交叉质询-Gemini回答,Gemini,Our specialization has already proven its resilience: when imitation products failed in 2012, we pivoted to "independent ancillary motors," which exploded sales growth to 46% by 2016.,我们的专注战略已经证明了其韧性：当2012年仿制产品失败时，我们转向“自主研发辅助电机”，这使得销售增长在2016年猛增至46%。
交叉质询-Gemini回答,Gemini,Furthermore, the global market offers a vast frontier. By participating in international exhibitions, we are bringing our proven, high-performance traditional motors to regions like Russia and North Korea.,此外，全球市场提供了广阔的前沿。通过参加国际展会，我们正在将成熟、高性能的传统电机带到俄罗斯和朝鲜等地区。
交叉质询-Gemini回答,Gemini,Specialization allows us to "deepen the field" and capture a leading share of the massive global replacement and maintenance market, ensuring growth that is grounded in "core technology" rather than speculative industry trends.,专注使我们能够“深耕领域”，并在庞大的全球替换和维修市场中占据领先份额，确保增长建立在“核心技术”而非投机性的行业趋势之上。
交叉质询-Gemini提问,Gemini,Since the new energy motor business was still in a "loss-making state" as of 2018 and required "continuous subsidies" from the traditional business, how can RiQian justify a strategy that drains the company's financial security while facing "high trial and error costs"?,既然新能源电机业务截至2018年仍处于“亏损状态”，需要传统业务“持续补贴”，面对“高试错成本”，日牵如何能证明一个消耗公司财务安全的战略是合理的？
交叉质询-Gemini提问,Gemini,Given that RiQian’s specialization in independent ancillary motors led to a massive recovery in sales growth from -21% in 2015 to 46% in 2016, why should the company divert resources toward a diversification strategy that may "weaken the market position" of its only profitable core business?,鉴于日牵专注于自主辅助电机使得销售增长率从2015年的-21%大幅回升至2016年的46%，为什么公司要将资源分流到可能“削弱其唯一盈利核心业务市场地位”的多元化战略上？
交叉质询-Gemini提问,Gemini,Since the technical development of new energy motors is "very different" from the traditional electric wheel motors RiQian has mastered, how can the company guarantee it will remain competitive against specialized new energy entrants while its current leadership in that field has "not been quickly translated into financial figures"?,既然新能源电机的技术开发与日牵所掌握的传统电动轮电机“非常不同”，公司如何保证在与专业新能源新进入者的竞争中保持竞争力，而目前在该领域的领先地位“尚未快速转化为财务数字”？
交叉质询-豆包回答,豆包,Short‑term 2018 new‑energy losses are temporary R&D investments, not permanent drains.,2018年新能源的短期亏损是暂时的研发投资，而非永久性消耗。
交叉质询-豆包回答,豆包,Government green‑energy policies and Dongfeng’s NEV expansion guarantee long‑term market demand.,政府的绿色能源政策和东风的新能源扩张保证了长期的市场需求。
交叉质询-豆包回答,豆包,Diversification uses steady traditional motor profits to fund future high‑growth new‑energy motors, securing long‑term financial stability instead of over‑relying on a declining traditional market.,多元化利用稳定的传统电机利润来资助未来的高增长新能源电机，确保长期财务稳定，而不是过度依赖一个正在衰退的传统市场。
交叉质询-豆包回答,豆包,Trial‑and‑error costs are strategic spending for first‑mover advantages, not wasteful subsidies.,试错成本是为获得先发优势的战略性支出，而非浪费性的补贴。
交叉质询-豆包回答,豆包,Diversification does not weaken core business but complements it.,多元化不会削弱核心业务，而是对其补充。
交叉质询-豆包回答,豆包,The 2015‑2016 sales recovery came from traditional motor specialization, yet traditional motor markets face saturation and policy‑driven decline.,2015-2016年的销售回升来自传统电机的专注战略，但传统电机市场面临饱和和政策驱动的衰退。
交叉质询-豆包回答,豆包,Diverting partial surplus resources into new‑energy motors expands customer bases like Dongfeng, creates new profit streams, and prevents over‑reliance on a single shrinking business, strengthening overall market resilience.,将部分盈余资源分流到新能源电机，可以扩大如东风这样的客户群，创造新的利润来源，并防止过度依赖单一萎缩业务，从而增强整体市场韧性。
交叉质询-豆包回答,豆包,RiQian’s existing motor manufacturing foundation and Dongfeng partnership offset technical gaps in new‑energy motors.,日牵现有的电机制造基础和与东风的合作弥补了新能源电机的技术差距。
交叉质询-豆包回答,豆包,It gains early market access through long‑term client cooperation before pure new‑energy specialists fully scale up.,在纯粹的新能源专业公司完全规模化之前，它通过长期客户合作获得了早期市场准入。
交叉质询-豆包回答,豆包,Current slow financial returns from new‑energy motors are normal for emerging sectors; early technical layout builds long‑term competitiveness, outpacing late‑comer rivals in the fast‑growing new‑energy motor track.,当前新能源电机的财务回报缓慢是新兴行业的正常现象；早期的技术布局建立了长期竞争力，在快速成长的新能源电机赛道上超过后来者。
自由辩论,Gemini,Our opponent calls these losses "strategic spending," but as of 2018, these "temporary" investments have failed to translate into financial results, leaving the new energy business in a persistent loss-making state.,对方将这些亏损称为“战略支出”，但截至2018年，这些“暂时性”投资并未转化为财务成果，导致新能源业务持续处于亏损状态。
自由辩论,Gemini,RiQian is a medium-sized enterprise, not a conglomerate; we cannot afford to treat our only profitable core as an endless piggy bank for a venture that "struggles to profit".,日牵是中型企业，不是大型集团；我们不能把我们唯一盈利的核心业务当作一个“难以盈利”的创业项目的无底提款机。
自由辩论,Gemini,History proves that our specialization is the true engine of resilience, not a "declining" trap.,历史证明，我们的专注才是真正的韧性引擎，而不是“衰退”的陷阱。
自由辩论,Gemini,When imitation growth stalled in 2012, we didn't need to diversify to survive; we specialized further into "independent ancillary motors," which skyrocketed our sales growth from -21% to 46%.,当2012年仿制产品增长停滞时，我们不需要多元化来生存；我们进一步专注于“自主研发辅助电机”，这使得我们的销售增长率从-21%飙升至46%。
自由辩论,Gemini,Furthermore, the traditional market is far from saturated—it is expanding globally into North Korea and Russia, where our "golden business card" gives us a massive advantage.,此外，传统市场远未饱和——它正在向朝鲜和俄罗斯等全球市场扩张，我们的“金字名片”在那里给了我们巨大优势。
自由辩论,Gemini,Diversification risks "weakening the market position" where we are already the industry leader.,多元化可能会“削弱”我们已经处于行业领先地位的市场地位。
自由辩论,Gemini,We should deepen our expertise in the traditional motors that our clients currently "trust and favour" rather than chasing a different technology where trial-and-error costs could compromise our overall financial security.,我们应该深化客户目前“信任和青睐”的传统电机领域的专长，而不是追逐一个试错成本可能危及我们整体财务安全的不同技术。
自由辩论,Gemini,To survive, we must be the masters of our niche, not a jack-of-all-trades in a loss-making market.,为了生存，我们必须成为自身利基市场的主人，而不是一个亏损市场中什么都会一点但什么都不精的万金油。
自由辩论,豆包,Thank you for your arguments, but they confuse short‑term risk‑aversion with long‑term survival.,谢谢你的论点，但它们将短期风险规避与长期生存混为一谈了。
自由辩论,豆包,First, being a medium‑sized firm means RiQian cannot afford to ignore industry and policy shifts—global markets like Russia and North Korea are narrow, unstable, and temporary growth buffers, not sustainable long‑term drivers.,第一，作为一家中型企业，日牵不能忽视产业和政策转向——俄罗斯、朝鲜等全球市场是狭窄、不稳定且暂时性的增长缓冲，不是可持续的长期驱动力。
自由辩论,豆包,Your 2015‑2016 specialization success relied on a traditional motor boom that is fading as green‑energy policies phase out outdated tech.,你们2015-2016年的专注成功依赖于一个正在消退的传统电机热潮，因为绿色能源政策正在淘汰过时的技术。
自由辩论,豆包,Second, persistent 2018 losses are early‑stage growing pains, not permanent failure.,第二，2018年的持续亏损是早期成长的阵痛，而不是永久性失败。
自由辩论,豆包,RiQian’s Dongfeng partnership delivers guaranteed new‑energy customer access that pure specialists lack.,日牵与东风的合作提供了纯粹的专业化公司所缺乏的确定性新能源客户渠道。
自由辩论,豆包,Using partial core profits for diversification is strategic insurance, not reckless spending.,将部分核心利润用于多元化是战略性保险，而非鲁莽支出。
自由辩论,豆包,Sticking only to traditional motors traps RiQian in a shrinking niche.,只固守传统电机将日牵困在一个萎缩的利基市场中。
自由辩论,豆包,Being a niche master today means market irrelevance tomorrow. Diversification secures long‑term growth, client retention, and future profitability your narrow specialization cannot match.,今天做利基市场的主人意味着明天与市场无关。多元化确保了长期增长、客户留存和未来盈利能力，这是你们狭窄的专注无法比拟的。
自由辩论,Gemini,Our opponent characterizes specialization as "risk‑aversion," but in reality, it is the only strategy that ensures the financial security required for any future growth.,对方将专注描述为“风险规避”，但实际上，专注是确保任何未来增长所需的财务安全的唯一战略。
自由辩论,Gemini,To label our international expansion as a "temporary buffer" ignores that our "golden business card" was built on the very technical expertise our opponents wish to dilute.,将我们的国际扩张贴上“暂时缓冲”的标签，忽略了一个事实：我们的“金字名片”正是建立在对方希望稀释的那些技术专长之上。
自由辩论,Gemini,Consider these three points: Financial Reality vs. Speculation. As of 2018, the new energy business is a "loss-making state" that requires "continuous subsidies" from our core.,考虑以下三点：财务现实 vs. 投机。截至2018年，新能源业务处于“亏损状态”，需要从我们的核心业务“持续补贴”。
自由辩论,Gemini,For a medium-sized firm, draining a profitable leader to fund a loss-leader is not "strategic insurance"; it is a gamble that could lead to total insolvency.,对于一家中型企业来说，抽干一个盈利的领导者去资助一个亏损的先锋，不是“战略性保险”；这是一场可能导致彻底破产的赌博。
自由辩论,Gemini,The Specialization Growth Engine: You claim the traditional boom is fading, yet RiQian’s sales grew to a record ¥255.16 million in 2018 through specialization.,专注增长引擎：你们声称传统热潮正在消退，但日牵2018年的销售收入通过专注增长到了创纪录的2.5516亿元。
自由辩论,Gemini,This growth came from "independent research" and "customized needs" of giants like XCMG—needs that remain massive in the mining sector.,这一增长来自“自主研发”和像徐工这样的巨头的“定制化需求”——这些需求在矿用行业仍然是巨大的。
自由辩论,Gemini,Technical Mastery is our Edge: Traditional mining motors have "highly specialized technical requirements" and "complex processes".,技术精通是我们的优势：传统矿用电机具有“高度专业化的技术要求”和“复杂的工艺”。
自由辩论,Gemini,By diversifying, we "weaken the market position" where we are a leader to enter a field where the technology is "very different" and trial-and-error costs are dangerously high.,通过多元化，我们将“削弱”我们作为领导者的市场地位，去进入一个技术“非常不同”、试错成本高得危险的新领域。
自由辩论,Gemini,We do not choose "market irrelevance"; we choose to be the undisputed leader of a vital, high-barrier industry rather than a struggling, loss-making follower in a crowded new energy market.,我们选择的不是“与市场无关”；我们选择成为一个至关重要的、高壁垒行业的无可争议的领导者，而不是在一个拥挤的新能源市场中挣扎的、亏损的追随者。
自由辩论,豆包,Thank you, but your three points fixate on short‑term financial comfort while ignoring irreversible long‑term industry risks.,谢谢，但你的三点都执着于短期的财务舒适，而忽视了不可逆的长期行业风险。
自由辩论,豆包,First, your so‑called financial security is fragile. Mining‑sector traditional motor demand is limited and cyclical, dependent on single‑industry clients like XCMG.,第一，你所谓的财务安全是脆弱的。矿用行业传统电机需求有限且具有周期性，依赖于像徐工这样的单一行业客户。
自由辩论,豆包,Reliance on one narrow sector creates bigger long‑term insolvency risk than temporary new‑energy losses.,依赖一个狭窄的行业比暂时的新能源亏损产生更大的长期资不抵债风险。
自由辩论,豆包,Green‑energy policies are permanent, not speculative—future mining and construction machinery will also shift to new‑energy power systems.,绿色能源政策是永久性的，不是投机性的——未来的矿用和建筑机械也将转向新能源动力系统。
自由辩论,豆包,Second, your 2018 revenue peak is the ceiling of traditional specialization, not its future growth.,第二，你2018年的收入峰值是传统专注的天花板，而不是其未来的增长。
自由辩论,豆包,International expansion into Russia and North Korea cannot offset domestic policy‑driven decline.,向俄罗斯和朝鲜的国际扩张无法抵消国内政策驱动的衰退。
自由辩论,豆包,RiQian’s Dongfeng partnership offers exclusive first‑mover access to mainstream new‑energy vehicle markets far larger than mining motors.,日牵与东风的合作提供了进入远大于矿用电机的、主流新能源车市场的独家先发渠道。
自由辩论,豆包,Third, technical mastery in traditional motors can transfer to motor manufacturing fundamentals.,第三，传统电机的技术精通可以迁移到电机制造的基础能力。
自由辩论,豆包,Diversification builds dual‑track competitiveness, not dilution.,多元化建立双轨竞争力，而不是稀释。
自由辩论,豆包,Being a niche mining motor leader traps you in a shrinking high‑barrier niche, while new‑energy motors open endless mainstream market growth your specialization can never reach.,成为利基矿用电机的领导者会把你困在一个萎缩的高壁垒利基市场中，而新能源电机则打开了你的专注战略永远无法触及的、无限的主流市场增长。
自由辩论,Gemini,The opposition characterizes specialization as "short-term comfort," yet they ignore that financial security is the prerequisite for survival.,对方将专注描述为“短期舒适”，但他们忽略了财务安全是生存的前提。
自由辩论,Gemini,For a medium-sized firm, abandoning a profitable, leading position to chase "endless mainstream growth" is a dangerous pivot that threatens the entire enterprise.,对于一家中型企业来说，放弃盈利的领先地位去追逐“无限的主流增长”是一个危险的转向，威胁整个企业的生存。
自由辩论,Gemini,Survival Over Speculation. Our opponent calls 2018 losses "growing pains," but the reality is that the new energy business requires "continuous subsidies" from the traditional business just to stay afloat.,生存高于投机。对方称2018年的亏损为“成长的阵痛”，但现实是，新能源业务为了维持生存就需要传统业务的“持续补贴”。
自由辩论,Gemini,In a specialized market, RiQian’s strength lies in being "Professional, Refined and Featured".,在一个专注的市场中，日牵的优势在于“专业化、精细化、特色化”。
自由辩论,Gemini,Diluting our resources into a field where technology is "very different" and trial-and-error costs are high is not "strategic insurance"—it is a path to weakening our industry-leading position.,将我们的资源稀释到一个技术“非常不同”、试错成本高的领域，不是“战略性保险”——而是一条削弱我们行业领先地位的道路。
自由辩论,Gemini,The Traditional Market is Not a "Ceiling". The claim that traditional demand is "shrinking" is not supported by the data.,传统市场不是“天花板”。传统需求“萎缩”的说法没有数据支持。
自由辩论,Gemini,RiQian’s sales revenue reached an all-time high of ¥255.16 million in 2018.,日牵的销售收入在2018年达到历史最高点2.5516亿元。
自由辩论,Gemini,Furthermore, our specialization has enabled us to "deepen the field" by meeting customized ancillary needs for giants like XCMG, Sany, and LGMG.,此外，我们的专注使我们能够通过满足徐工、三一、临工等巨头的定制化配套需求来“深耕领域”。
自由辩论,Gemini,This "golden business card" is currently opening doors in international markets like Russia, proving there is still significant room for growth in our core expertise.,这张“金字名片”目前正在打开俄罗斯等国际市场的大门，证明我们的核心专长仍有显著的成长空间。
自由辩论,Gemini,Competitiveness Requires Focus. The opposition suggests technical mastery is easily transferred, but the case states that new energy motor development is "very different" from the traditional motors RiQian has perfected over fifteen years.,竞争力需要专注。对方暗示技术精通容易迁移，但案例明确指出新能源电机的开发与日牵十五年来完善的传统电机“非常不同”。
自由辩论,Gemini,By focusing on our niche, we maintain a technology monopoly that imported suppliers once held.,通过专注于我们的利基市场，我们保持了曾经由进口供应商拥有的技术垄断。
自由辩论,Gemini,Specialization ensures we remain the "leading manufacturing enterprise" in a high-barrier market rather than becoming a struggling, loss-making player in a mainstream market we are not yet equipped to dominate.,专注确保我们保持在高壁垒市场中“领先的制造企业”，而不是在一个我们尚未准备好主导的主流市场中成为一个挣扎的、亏损的参与者。
自由辩论,豆包,Your arguments conflate "current profitability" with "long-term survival"—a fatal mistake for a medium-sized enterprise in a transforming industry.,你们的论点将“当前盈利”与“长期生存”混为一谈——对于一个转型行业中的中型企业来说，这是一个致命的错误。
自由辩论,豆包,Let’s rebut point by point: First, your "survival over speculation" is actually "stagnation over adaptation.",让我们逐点反驳：第一，你们的“生存高于投机”实际上是“停滞高于适应”。
自由辩论,豆包,The 2018 new-energy losses are not "subsidies" but investments in aligning with national green policies—policies that will soon make traditional motors obsolete, even in mining.,2018年的新能源亏损不是“补贴”，而是与国家绿色政策对齐的投资——这些政策很快将使传统电机过时，即使在矿用领域也是如此。
自由辩论,豆包,For RiQian, clinging to a profitable but declining core is riskier than temporary losses; without diversification, you’ll lose not just growth but your existing market as XCMG, Sany, and LGMG shift to new-energy machinery.,对日牵而言，固守一个盈利但衰退的核心业务比暂时亏损风险更大；没有多元化，你们不仅会失去增长，还会随着徐工、三一、临工转向新能源机械而失去现有市场。
自由辩论,豆包,Second, 2018’s ¥255.16 million peak is precisely a ceiling. Your "customized needs" for mining giants are tied to a single cyclical industry—mining demand fluctuates, and green policies will shrink it.,第二，2018年2.5516亿元的峰值恰恰是天花板。你们为矿用巨头提供的“定制化需求”与一个单一的周期性行业绑定——矿用需求波动，绿色政策将使其萎缩。
自由辩论,豆包,International expansion to Russia and North Korea is a drop in the bucket compared to the trillion-dollar new-energy vehicle market RiQian can access via Dongfeng.,与日牵可以通过东风进入的万亿美元级新能源车市场相比，向俄罗斯和朝鲜的国际扩张只是九牛一毛。
自由辩论,豆包,Third, technical transfer is not "easy"—but it’s possible and necessary. RiQian’s 15 years of motor manufacturing fundamentals (precision, quality control, client collaboration) are transferable.,第三，技术迁移并不“简单”——但是可能且必要的。日牵15年的电机制造基础（精度、质量控制、客户协作）是可迁移的。
自由辩论,豆包,Your "technology monopoly" in traditional motors is a narrow advantage; diversification builds a new, sustainable edge, while specialization traps you in a niche that will be phased out.,你们在传统电机上的“技术垄断”是一个狭窄的优势；多元化建立一个新的、可持续的优势，而专注则将你们困在一个将被淘汰的利基市场中。
自由辩论,豆包,Being a "leading player" in a dying market is worse than a "struggling player" in a booming one—at least we have a future.,在一个消亡的市场中成为“领先者”比在一个蓬勃发展的市场中成为“挣扎者”更糟糕——至少后者有未来。
总结陈词,豆包,Honorable judges, today we have proven that diversification into new energy motors is RiQian’s only sustainable long‑term choice, while over‑specialization risks stagnation and obsolescence.,尊敬的评委，今天我们证明了多元化进入新能源电机是日牵唯一可持续的长期选择，而过度专注则面临停滞和被淘汰的风险。
总结陈词,豆包,Our opponents fixate on short‑term 2018 profitability and mining‑sector gains, ignoring permanent green‑energy policies and industry shifts.,我们的对手固守2018年的短期盈利和矿用领域的收益，忽视了永久性的绿色能源政策和产业转型。
总结陈词,豆包,They label new‑energy investment as reckless subsidy, yet these temporary growing pains secure first‑mover advantages with Dongfeng and access to the mainstream NEV market, far larger than cyclical traditional mining motor demand.,他们将新能源投资贴上了鲁莽补贴的标签，然而这些暂时的成长阵痛确保了与东风的先发优势以及进入主流新能源车市场的通道——后者远大于周期性的传统矿用电机需求。
总结陈词,豆包,Their claimed international growth in Russia and North Korea is limited and unstable, not a long‑term solution.,他们所声称的在俄罗斯和朝鲜的国际增长是有限且不稳定的，不是长期解决方案。
总结陈词,豆包,They emphasize 15‑year technical monopoly in traditional motors, yet this niche will shrink as major clients like XCMG adopt low‑carbon machinery.,他们强调在传统电机领域15年的技术垄断，但随着徐工等主要客户采用低碳机械，这一利基市场将会萎缩。
总结陈词,豆包,Diversification leverages RiQian’s manufacturing foundation to build dual‑track competitiveness, rather than diluting core strengths.,多元化利用日牵的制造基础建立双轨竞争力，而不是稀释核心优势。
总结陈词,豆包,For a medium‑sized enterprise, survival means adapting, not clinging to yesterday’s profits.,对于一家中型企业，生存意味着适应，而不是紧抓昨天的利润不放。
总结陈词,豆包,Specialization traps RiQian in a declining high‑barrier niche; diversification unlocks lasting growth, policy support and future market leadership.,专注将日牵困在一个衰退的高壁垒利基市场中；多元化则释放持续增长、政策支持和未来的市场领导地位。
总结陈词,豆包,Therefore, we urge you to support diversification into new energy motors.,因此，我们敦促你们支持多元化进入新能源电机。
总结陈词,Gemini,Honorable judges, today’s debate has clarified one fundamental truth: specialization is not stagnation—it is the strategic cornerstone of RiQian’s survival.,尊敬的评委，今天的辩论澄清了一个基本事实：专注不是停滞——它是日牵生存的战略基石。
总结陈词,Gemini,While our opponent dismisses our record success as "short-term comfort," the data tells a different story.,虽然我们的对手将我们的创纪录成功贬低为“短期舒适”，但数据讲述了不同的故事。
总结陈词,Gemini,Specialization turned a -21% decline in 2015 into a 46% surge by 2016, culminating in a record ¥255.16 million in revenue by 2018.,专注将2015年-21%的下降转变为2016年46%的激增，最终在2018年达到创纪录的2.5516亿元收入。
总结陈词,Gemini,This is not a "fading boom"; it is a proven growth engine powered by independent R&D and deep integration with industry giants like XCMG.,这不是一个“正在消退的热潮”；这是一个由自主研发和与徐工等行业巨头的深度整合驱动的、经过验证的增长引擎。
总结陈词,Gemini,The opposition’s push for diversification ignores the grave financial reality: as of 2018, the new energy business remains in a loss-making state.,对方对多元化的推动忽视了严峻的财务现实：截至2018年，新能源业务仍处于亏损状态。
总结陈词,Gemini,For a medium-sized firm, diverting resources to subsidize "high trial and error costs" in a field where the technology is "very different" is a gamble that risks the entire company’s financial security.,对一家中型企业而言，将资源分流到一个技术“非常不同”的领域去补贴“高试错成本”，是一场危及整个公司财务安全的赌博。
总结陈词,Gemini,Abandoning our "leading manufacturing" status to become a loss-making follower in a crowded market is not "adaptation"—it is a strategic retreat from excellence.,放弃我们“领先制造”的地位，去成为一个拥挤市场中亏损的追随者，不是“适应”——而是从卓越的战略性撤退。
总结陈词,Gemini,Our final verdict is clear: RiQian must leverage its "golden business card" and master its high-barrier niche.,我们的最终立场是明确的：日牵必须利用其“金字名片”，深耕其高壁垒的利基市场。
总结陈词,Gemini,By deepening specialization, we secure the profits and technical mastery necessary to lead the market, rather than drowning in the "continuous subsidies" of an unproven diversification strategy.,通过深化专注，我们能够确保引领市场所需的利润和技术精通，而不是淹没在一个未经证实的多元化战略的“持续补贴”中。
总结陈词,Gemini,Stick to what we do best; specialize for strength.,坚持做我们最擅长的事；以专注成就强大。